"","condition","coef_fixed_Intercept_p_MLM0","CN","beta1","beta2","beta3","ICC"
"1",1,0.038,30,0.3,0.1,0,0.2
"2",2,0.039,120,0.3,0.1,0,0.2
"3",3,0.039,510,0.3,0.1,0,0.2
"4",4,0.043,30,0.3,0.1,0,0.4
"5",5,0.047,120,0.3,0.1,0,0.4
"6",6,0.043,510,0.3,0.1,0,0.4
"7",7,0.054,30,0.3,0.1,0,0.8
"8",8,0.059,120,0.3,0.1,0,0.8
"9",9,0.062,510,0.3,0.1,0,0.8
"10",10,0.008,30,0.3,0.3,0,0.2
"11",11,0.015,120,0.3,0.3,0,0.2
"12",12,0.017,510,0.3,0.3,0,0.2
"13",13,0.03,30,0.3,0.3,0,0.4
"14",14,0.031,120,0.3,0.3,0,0.4
"15",15,0.023,510,0.3,0.3,0,0.4
"16",16,0.041,30,0.3,0.3,0,0.8
"17",17,0.047,120,0.3,0.3,0,0.8
"18",18,0.039,510,0.3,0.3,0,0.8
"19",19,0.007,30,0.3,0.5,0,0.2
"20",20,0.012,120,0.3,0.5,0,0.2
"21",21,0.013,510,0.3,0.5,0,0.2
"22",22,0.014,30,0.3,0.5,0,0.4
"23",23,0.013,120,0.3,0.5,0,0.4
"24",24,0.011,510,0.3,0.5,0,0.4
"25",25,0.036,30,0.3,0.5,0,0.8
"26",26,0.042,120,0.3,0.5,0,0.8
"27",27,0.039,510,0.3,0.5,0,0.8
"28",28,0.038,30,0.3,0.1,0.1,0.2
"29",29,0.036,120,0.3,0.1,0.1,0.2
"30",30,0.048,510,0.3,0.1,0.1,0.2
"31",31,0.054,30,0.3,0.1,0.1,0.4
"32",32,0.05,120,0.3,0.1,0.1,0.4
"33",33,0.045,510,0.3,0.1,0.1,0.4
"34",34,0.04,30,0.3,0.1,0.1,0.8
"35",35,0.054,120,0.3,0.1,0.1,0.8
"36",36,0.053,510,0.3,0.1,0.1,0.8
"37",37,0.029,30,0.3,0.3,0.1,0.2
"38",38,0.017,120,0.3,0.3,0.1,0.2
"39",39,0.015,510,0.3,0.3,0.1,0.2
"40",40,0.032,30,0.3,0.3,0.1,0.4
"41",41,0.03,120,0.3,0.3,0.1,0.4
"42",42,0.024,510,0.3,0.3,0.1,0.4
"43",43,0.044,30,0.3,0.3,0.1,0.8
"44",44,0.046,120,0.3,0.3,0.1,0.8
"45",45,0.038,510,0.3,0.3,0.1,0.8
"46",46,0.004,30,0.3,0.5,0.1,0.2
"47",47,0.011,120,0.3,0.5,0.1,0.2
"48",48,0.008,510,0.3,0.5,0.1,0.2
"49",49,0.021,30,0.3,0.5,0.1,0.4
"50",50,0.019,120,0.3,0.5,0.1,0.4
"51",51,0.017,510,0.3,0.5,0.1,0.4
"52",52,0.037,30,0.3,0.5,0.1,0.8
"53",53,0.054,120,0.3,0.5,0.1,0.8
"54",54,0.036,510,0.3,0.5,0.1,0.8
"55",55,0.037,30,0.3,0.1,0.3,0.2
"56",56,0.047,120,0.3,0.1,0.3,0.2
"57",57,0.052,510,0.3,0.1,0.3,0.2
"58",58,0.056,30,0.3,0.1,0.3,0.4
"59",59,0.047,120,0.3,0.1,0.3,0.4
"60",60,0.036,510,0.3,0.1,0.3,0.4
"61",61,0.044,30,0.3,0.1,0.3,0.8
"62",62,0.054,120,0.3,0.1,0.3,0.8
"63",63,0.051,510,0.3,0.1,0.3,0.8
"64",64,0.024,30,0.3,0.3,0.3,0.2
"65",65,0.033,120,0.3,0.3,0.3,0.2
"66",66,0.03,510,0.3,0.3,0.3,0.2
"67",67,0.035,30,0.3,0.3,0.3,0.4
"68",68,0.028,120,0.3,0.3,0.3,0.4
"69",69,0.042,510,0.3,0.3,0.3,0.4
"70",70,0.046,30,0.3,0.3,0.3,0.8
"71",71,0.052,120,0.3,0.3,0.3,0.8
"72",72,0.043,510,0.3,0.3,0.3,0.8
"73",73,0.013,30,0.3,0.5,0.3,0.2
"74",74,0.021,120,0.3,0.5,0.3,0.2
"75",75,0.017,510,0.3,0.5,0.3,0.2
"76",76,0.025,30,0.3,0.5,0.3,0.4
"77",77,0.021,120,0.3,0.5,0.3,0.4
"78",78,0.018,510,0.3,0.5,0.3,0.4
"79",79,0.039,30,0.3,0.5,0.3,0.8
"80",80,0.054,120,0.3,0.5,0.3,0.8
"81",81,0.049,510,0.3,0.5,0.3,0.8
"82",82,0.045,30,0.3,0.1,0.5,0.2
"83",83,0.032,120,0.3,0.1,0.5,0.2
"84",84,0.05,510,0.3,0.1,0.5,0.2
"85",85,0.04,30,0.3,0.1,0.5,0.4
"86",86,0.037,120,0.3,0.1,0.5,0.4
"87",87,0.043,510,0.3,0.1,0.5,0.4
"88",88,0.055,30,0.3,0.1,0.5,0.8
"89",89,0.056,120,0.3,0.1,0.5,0.8
"90",90,0.047,510,0.3,0.1,0.5,0.8
"91",91,0.033,30,0.3,0.3,0.5,0.2
"92",92,0.043,120,0.3,0.3,0.5,0.2
"93",93,0.043,510,0.3,0.3,0.5,0.2
"94",94,0.036,30,0.3,0.3,0.5,0.4
"95",95,0.029,120,0.3,0.3,0.5,0.4
"96",96,0.033,510,0.3,0.3,0.5,0.4
"97",97,0.06,30,0.3,0.3,0.5,0.8
"98",98,0.047,120,0.3,0.3,0.5,0.8
"99",99,0.051,510,0.3,0.3,0.5,0.8
"100",100,0.024,30,0.3,0.5,0.5,0.2
"101",101,0.019,120,0.3,0.5,0.5,0.2
"102",102,0.029,510,0.3,0.5,0.5,0.2
"103",103,0.034,30,0.3,0.5,0.5,0.4
"104",104,0.023,120,0.3,0.5,0.5,0.4
"105",105,0.022,510,0.3,0.5,0.5,0.4
"106",106,0.054,30,0.3,0.5,0.5,0.8
"107",107,0.046,120,0.3,0.5,0.5,0.8
"108",108,0.041,510,0.3,0.5,0.5,0.8
"109",109,0.046,30,0.3,0,0,0.2
"110",110,0.045,120,0.3,0,0,0.2
"111",111,0.041,510,0.3,0,0,0.2
"112",112,0.0560560560560561,30,0.3,0,0,0.4
"113",113,0.052,120,0.3,0,0,0.4
"114",114,0.058,510,0.3,0,0,0.4
"115",115,0.053,30,0.3,0,0,0.8
"116",116,0.064,120,0.3,0,0,0.8
"117",117,0.073,510,0.3,0,0,0.8
